[
	{"head":"img-infmt/tou.jpeg","name":"抽风","star":"img-infmt/images/star_07.jpg","per":"<span >精华评价</span>好好次！好好次！灰常灰常的好吃，很愉快的一次购物，下次还会来！！！！  么么哒","small":"img-infmt/per-img.jpg","largen":"img-infmt/666.jpeg"},
	{"head":"img-infmt/head1.jpeg","name":"抽筋","star":"img-infmt/images/star_07.jpg","per":"<span >精华评价</span>本是为凑单买的这一袋小食品，而且是不同仓库发货，竟然运费没加，分别按时送货。一个考拉🐨的纸箱子仅仅装了这一袋仅仅几元的小东西，完全出乎我预料。信任考拉，考拉威武","small":"img-infmt/per-img.jpg","largen":"img-infmt/666.jpeg"},
	{"head":"img-infmt/head2.jpg","name":"楼上是XX","star":"img-infmt/images/star_07.jpg","per":"<span >精华评价</span>好吃不贵真划算，保你买不了吃块买不了上当","small":"img-infmt/per-img.jpg","largen":"img-infmt/666.jpeg"},
	{"head":"img-infmt/tou.jpeg","name":"抽风","star":"img-infmt/images/star_07.jpg","per":"<span >精华评价</span>好好次！好好次！灰常灰常的好吃，很愉快的一次购物，下次还会来！！！！  么么哒","small":"img-infmt/per-img.jpg","largen":"img-infmt/666.jpeg"},
	{"head":"img-infmt/head1.jpeg","name":"抽筋","star":"img-infmt/images/star_07.jpg","per":"<span >精华评价</span>本是为凑单买的这一袋小食品，而且是不同仓库发货，竟然运费没加，分别按时送货。一个考拉🐨的纸箱子仅仅装了这一袋仅仅几元的小东西，完全出乎我预料。信任考拉，考拉威武","small":"img-infmt/per-img.jpg","largen":"img-infmt/666.jpeg"},
	{"head":"img-infmt/head2.jpg","name":"楼上是XX","star":"img-infmt/images/star_07.jpg","per":"<span >精华评价</span>好吃不贵真划算，保你买不了吃块买不了上当","small":"img-infmt/per-img.jpg","largen":"img-infmt/666.jpeg"},
	{"head":"img-infmt/tou.jpeg","name":"抽风","star":"img-infmt/images/star_07.jpg","per":"<span >精华评价</span>好好次！好好次！灰常灰常的好吃，很愉快的一次购物，下次还会来！！！！  么么哒","small":"img-infmt/per-img.jpg","largen":"img-infmt/666.jpeg"},
	{"head":"img-infmt/head1.jpeg","name":"抽筋","star":"img-infmt/images/star_07.jpg","per":"<span >精华评价</span>本是为凑单买的这一袋小食品，而且是不同仓库发货，竟然运费没加，分别按时送货。一个考拉🐨的纸箱子仅仅装了这一袋仅仅几元的小东西，完全出乎我预料。信任考拉，考拉威武","small":"img-infmt/per-img.jpg","largen":"img-infmt/666.jpeg"},
	{"head":"img-infmt/head2.jpg","name":"楼上是XX","star":"img-infmt/images/star_07.jpg","per":"<span >精华评价</span>好吃不贵真划算，保你买不了吃块买不了上当","small":"img-infmt/per-img.jpg","largen":"img-infmt/666.jpeg"},
	{"head":"img-infmt/tou.jpeg","name":"抽风","star":"img-infmt/images/star_07.jpg","per":"<span >精华评价</span>好好次！好好次！灰常灰常的好吃，很愉快的一次购物，下次还会来！！！！  么么哒","small":"img-infmt/per-img.jpg","largen":"img-infmt/666.jpeg"},
	{"head":"img-infmt/head1.jpeg","name":"抽筋","star":"img-infmt/images/star_07.jpg","per":"<span >精华评价</span>本是为凑单买的这一袋小食品，而且是不同仓库发货，竟然运费没加，分别按时送货。一个考拉🐨的纸箱子仅仅装了这一袋仅仅几元的小东西，完全出乎我预料。信任考拉，考拉威武","small":"img-infmt/per-img.jpg","largen":"img-infmt/666.jpeg"},
	{"head":"img-infmt/head2.jpg","name":"楼上是XX","star":"img-infmt/images/star_07.jpg","per":"<span >精华评价</span>好吃不贵真划算，保你买不了吃块买不了上当","small":"img-infmt/per-img.jpg","largen":"img-infmt/666.jpeg"}
]