[{"pid":"10002","tit":"九日蜂蜜黄油薯片","title":"&gt;张君雅 九日蜂蜜黄油薯片 80克","bigImg":"img-infmt/81-1.jpg","dong1":"8","dong2":"4","largenImg":"img-infmt/81-2.jpg","ms":"韩国薯片界的断货王！加入了天然蜂蜜和黄油的薯片，蜂蜜的清甜加上黄油浓郁的奶香，一边享受美味，一边补充营养，新鲜土豆烤制，非油炸哦！这么健康的零食，还不快快囤起来！","p1":"8","p2":"参考价  ¥13.90","fahuo":"浙江宁波 仓发货","title2":"张君雅 九日蜂蜜黄油薯片 80克"},
{"pid":"10001","tit":"日式串烧休闲丸子","title":"&gt;张君雅 日式串烧休闲丸子 80克","bigImg":"img-infmt/91-1.jpg","dong1":"9","dong2":"7","largenImg":"img-infmt/91-2.jpg","ms":"张君雅小妹妹，一个来自台湾的品牌，带你领略不一样的台湾风味！本款日式串烧休闲丸子，金黄酥脆，色泽诱人，让你第一眼就爱上他~口感酥脆，加上浓郁的鲜香，一口一个，味道真是超级赞的说~","p1":"5.00","p2":"参考价  ¥13.90","fahuo":"自营苏州 仓发货","title2":"张君雅 日式串烧休闲丸子 80克"}]
