[
	{"imgShow":"images/on-301.jpg","titNum":"6包装","titName":"|Merries花王妙而舒 N...","exp":"日本人气纸尿裤，考拉疯抢中","price":"每包78.5元","strong":"￥314","em":"￥596","src":"http://10.9.160.135/xiangmu/infmt.html?pid=10001"},
	{"imgShow":"images/on-302.jpg","titNum":"6包装","titName":"|Merries花王妙而舒 N...","exp":"日本人气纸尿裤，考拉疯抢中","price":"每包78.5元","strong":"￥314","em":"￥596","src":"http://10.9.160.135/xiangmu/infmt.html?pid=10002"},
	{"imgShow":"images/on-303.jpg","titNum":"6包装","titName":"|Merries花王妙而舒 N...","exp":"日本人气纸尿裤，考拉疯抢中","price":"每包78.5元","strong":"￥314","em":"￥596","src":"http://10.9.160.135/xiangmu/infmt.html?pid=10001"},
	{"imgShow":"images/on-304.jpg","titNum":"4包装","titName":"|Merries花王妙而舒 N...","exp":"日本人气纸尿裤，考拉疯抢中","price":"每包78.5元","strong":"￥314","em":"￥596","src":"http://10.9.160.135/xiangmu/infmt.html?pid=10001"},
	{"imgShow":"images/on-305.jpg","titNum":"333","titName":"|Merries花王妙而舒 N...","exp":"日本人气纸尿裤，考拉疯抢中","price":"每包78.5元","strong":"￥314","em":"￥596","src":"http://10.9.160.135/xiangmu/infmt.html?pid=10001"}
]