[
	{"imgShow":"images/on-201.jpg","titNum":"6包装","titName":"|Merries花王妙而舒 N...","exp":"日本人气纸尿裤，考拉疯抢中","price":"每包78.5元","strong":"￥314","em":"￥596","src":"http://10.9.160.135/xiangmu/infmt.html?pid=10001"},
	{"imgShow":"images/on-202.jpg","titNum":"6包装","titName":"|Merries花王妙而舒 N...","exp":"日本人气纸尿裤，考拉疯抢中","price":"每包78.5元","strong":"￥314","em":"￥596","src":"http://10.9.160.135/xiangmu/infmt.html?pid=10002"},
	{"imgShow":"images/on-203.jpg","titNum":"6包装","titName":"|Merries花王妙而舒 N...","exp":"日本人气纸尿裤，考拉疯抢中","price":"每包78.5元","strong":"￥314","em":"￥596","src":"http://10.9.160.135/xiangmu/infmt.html?pid=10001"},
	{"imgShow":"images/on-204.jpg","titNum":"4包装","titName":"|Merries花王妙而舒 N...","exp":"日本人气纸尿裤，考拉疯抢中","price":"每包78.5元","strong":"￥314","em":"￥596","src":"http://10.9.160.135/xiangmu/infmt.html?pid=10002"},
	{"imgShow":"images/on-205.jpg","titNum":"222","titName":"|Merries花王妙而舒 N...","exp":"日本人气纸尿裤，考拉疯抢中","price":"每包78.5元","strong":"￥314","em":"￥596","src":"http://10.9.160.135/xiangmu/infmt.html?pid=10001"}
]